gmDate,gmTime,seasTyp,playLNm,playFNm,teamAbbr,teamConf,teamDiv,teamLoc,teamRslt,teamDayOff,offLNm1,offFNm1,offLNm2,offFNm2,offLNm3,offFNm3,playDispNm,playStat,playMin,playPos,playHeight,playWeight,playBDate,playPTS,playAST,playTO,playSTL,playBLK,playPF,playFGA,playFGM,playFG%,play2PA,play2PM,play2P%,play3PA,play3PM,play3P%,playFTA,playFTM,playFT%,playORB,playDRB,playTRB,opptAbbr,opptConf,opptDiv,opptLoc,opptRslt,opptDayOff
2012-10-30,19:00,Regular,Price,A.J.,WAS,East,Southeast,Away,Loss,0,Brothers,Tony,Smith,Michael,Workman,Haywoode,A.J. Price,Starter,29,PG,74,195,1986-10-07,7,6,1,0,0,1,13,2,0.1538,4,0,0.0,9,2,0.2222,1,1,1.0,1,1,2,CLE,East,Central,Home,Win,0
2012-10-30,19:00,Regular,Ariza,Trevor,WAS,East,Southeast,Away,Loss,0,Brothers,Tony,Smith,Michael,Workman,Haywoode,Trevor Ariza,Starter,25,SG,80,200,1985-06-30,9,4,0,3,2,0,8,3,0.375,4,1,0.25,4,2,0.5,2,1,0.5,1,2,3,CLE,East,Central,Home,Win,0
2012-10-30,19:00,Regular,Okafor,Emeka,WAS,East,Southeast,Away,Loss,0,Brothers,Tony,Smith,Michael,Workman,Haywoode,Emeka Okafor,Starter,25,C,82,255,1982-09-28,10,0,1,0,4,1,10,4,0.4,10,4,0.4,0,0,0.0,4,2,0.5,5,2,7,CLE,East,Central,Home,Win,0
2012-10-30,19:00,Regular,Beal,Bradley,WAS,East,Southeast,Away,Loss,0,Brothers,Tony,Smith,Michael,Workman,Haywoode,Bradley Beal,Starter,22,SG,77,202,1993-06-28,8,3,2,1,0,1,8,2,0.25,4,0,0.0,4,2,0.5,2,2,1.0,0,3,3,CLE,East,Central,Home,Win,0
2012-10-30,19:00,Regular,Booker,Trevor,WAS,East,Southeast,Away,Loss,0,Brothers,Tony,Smith,Michael,Workman,Haywoode,Trevor Booker,Starter,17,PF,79,240,1987-11-25,4,1,4,1,1,4,9,2,0.2222,8,2,0.25,1,0,0.0,0,0,0.0,1,0,1,CLE,East,Central,Home,Win,0
2012-10-30,19:00,Regular,Crawford,Jordan,WAS,East,Southeast,Away,Loss,0,Brothers,Tony,Smith,Michael,Workman,Haywoode,Jordan Crawford,Bench,29,SG,76,195,1988-10-23,11,5,1,1,1,1,13,4,0.3077,7,4,0.5714,6,0,0.0,4,3,0.75,1,2,3,CLE,East,Central,Home,Win,0
2012-10-30,19:00,Regular,Webster,Martell,WAS,East,Southeast,Away,Loss,0,Brothers,Tony,Smith,Michael,Workman,Haywoode,Martell Webster,Bench,23,SG,81,210,1986-12-04,9,1,0,2,0,1,6,4,0.6667,3,3,1.0,3,1,0.3333,0,0,0.0,0,3,3,CLE,East,Central,Home,Win,0
2012-10-30,19:00,Regular,Vesely,Jan,WAS,East,Southeast,Away,Loss,0,Brothers,Tony,Smith,Michael,Workman,Haywoode,Jan Vesely,Bench,21,SF,83,235,1990-04-24,7,1,1,0,1,3,4,3,0.75,4,3,0.75,0,0,0.0,4,1,0.25,3,1,4,CLE,East,Central,Home,Win,0
2012-10-30,19:00,Regular,Singleton,Chris,WAS,East,Southeast,Away,Loss,0,Brothers,Tony,Smith,Michael,Workman,Haywoode,Chris Singleton,Bench,17,SF,80,225,1989-11-21,4,2,1,2,0,2,7,2,0.2857,6,2,0.3333,1,0,0.0,0,0,0.0,2,2,4,CLE,East,Central,Home,Win,0
2012-10-30,19:00,Regular,Barron,Earl,WAS,East,Southeast,Away,Loss,0,Brothers,Tony,Smith,Michael,Workman,Haywoode,Earl Barron,Bench,16,PF,84,250,1981-08-14,8,0,0,1,1,2,6,4,0.6667,6,4,0.6667,0,0,0.0,1,0,0.0,4,4,8,CLE,East,Central,Home,Win,0
2012-10-30,19:00,Regular,Pargo,Jannero,WAS,East,Southeast,Away,Loss,0,Brothers,Tony,Smith,Michael,Workman,Haywoode,Jannero Pargo,Bench,16,PG,73,185,1979-10-22,7,3,1,0,0,3,6,2,0.3333,2,1,0.5,4,1,0.25,2,2,1.0,0,1,1,CLE,East,Central,Home,Win,0
2012-10-30,19:00,Regular,Varejao,Anderson,CLE,East,Central,Home,Win,0,Brothers,Tony,Smith,Michael,Workman,Haywoode,Anderson Varejao,Starter,37,C,82,230,1982-09-28,9,9,1,0,2,4,7,3,0.4286,7,3,0.4286,0,0,0.0,3,3,1.0,12,11,23,WAS,East,Southeast,Away,Loss,0
2012-10-30,19:00,Regular,Irving,Kyrie,CLE,East,Central,Home,Win,0,Brothers,Tony,Smith,Michael,Workman,Haywoode,Kyrie Irving,Starter,35,PG,75,191,1992-03-23,29,3,4,0,1,4,20,11,0.55,14,8,0.5714,6,3,0.5,5,4,0.8,0,6,6,WAS,East,Southeast,Away,Loss,0
2012-10-30,19:00,Regular,Gee,Alonzo,CLE,East,Central,Home,Win,0,Brothers,Tony,Smith,Michael,Workman,Haywoode,Alonzo Gee,Starter,34,SF,78,219,1987-05-29,4,2,3,2,0,5,9,2,0.2222,7,2,0.2857,2,0,0.0,0,0,0.0,2,1,3,WAS,East,Southeast,Away,Loss,0
2012-10-30,19:00,Regular,Thompson,Tristan,CLE,East,Central,Home,Win,0,Brothers,Tony,Smith,Michael,Workman,Haywoode,Tristan Thompson,Starter,32,SF,80,225,1991-03-13,12,5,2,1,0,2,8,5,0.625,8,5,0.625,0,0,0.0,4,2,0.5,3,7,10,WAS,East,Southeast,Away,Loss,0
2012-10-30,19:00,Regular,Waiters,Dion,CLE,East,Central,Home,Win,0,Brothers,Tony,Smith,Michael,Workman,Haywoode,Dion Waiters,Starter,28,SG,76,221,1991-12-10,17,0,3,3,0,0,14,6,0.4286,9,4,0.4444,5,2,0.4,4,3,0.75,0,2,2,WAS,East,Southeast,Away,Loss,0
2012-10-30,19:00,Regular,Miles,Calvin,CLE,East,Central,Home,Win,0,Brothers,Tony,Smith,Michael,Workman,Haywoode,C.J. Miles,Bench,18,SF,78,210,1987-04-18,2,1,3,0,0,0,5,1,0.2,4,1,0.25,1,0,0.0,0,0,0.0,0,4,4,WAS,East,Southeast,Away,Loss,0
2012-10-30,19:00,Regular,Gibson,Daniel,CLE,East,Central,Home,Win,0,Brothers,Tony,Smith,Michael,Workman,Haywoode,Daniel Gibson,Bench,16,PG,74,200,1986-02-27,10,1,0,0,1,2,5,3,0.6,1,1,1.0,4,2,0.5,4,2,0.5,1,2,3,WAS,East,Southeast,Away,Loss,0
2012-10-30,19:00,Regular,Zeller,Tyler,CLE,East,Central,Home,Win,0,Brothers,Tony,Smith,Michael,Workman,Haywoode,Tyler Zeller,Bench,15,C,84,250,1990-01-17,5,0,0,1,1,2,4,2,0.5,4,2,0.5,0,0,0.0,2,1,0.5,0,2,2,WAS,East,Southeast,Away,Loss,0
2012-10-30,19:00,Regular,Sloan,Donald,CLE,East,Central,Home,Win,0,Brothers,Tony,Smith,Michael,Workman,Haywoode,Donald Sloan,Bench,13,PG,75,205,1988-01-15,4,1,2,0,0,2,5,2,0.4,4,2,0.5,1,0,0.0,0,0,0.0,0,0,0,WAS,East,Southeast,Away,Loss,0
2012-10-30,19:00,Regular,Walton,Luke,CLE,East,Central,Home,Win,0,Brothers,Tony,Smith,Michael,Workman,Haywoode,Luke Walton,Bench,12,SF,80,235,1980-03-28,2,0,2,0,0,0,2,1,0.5,1,1,1.0,1,0,0.0,0,0,0.0,0,1,1,WAS,East,Southeast,Away,Loss,0
2012-10-30,20:00,Regular,Rondo,Rajon,BOS,East,Atlantic,Away,Loss,0,McCutchen,Monty,Wright,Sean,Fitzgerald,Kane,Rajon Rondo,Starter,44,PG,73,171,1986-02-22,20,13,4,0,0,4,14,9,0.6429,12,9,0.75,2,0,0.0,4,2,0.5,0,7,7,MIA,East,Southeast,Home,Win,0
2012-10-30,20:00,Regular,Pierce,Paul,BOS,East,Atlantic,Away,Loss,0,McCutchen,Monty,Wright,Sean,Fitzgerald,Kane,Paul Pierce,Starter,41,SF,79,235,1977-10-13,23,5,0,2,0,3,15,6,0.4,11,4,0.3636,4,2,0.5,9,9,1.0,0,5,5,MIA,East,Southeast,Home,Win,0
2012-10-30,20:00,Regular,Garnett,Kevin,BOS,East,Atlantic,Away,Loss,0,McCutchen,Monty,Wright,Sean,Fitzgerald,Kane,Kevin Garnett,Starter,32,PF,83,220,1976-05-19,9,2,5,0,2,4,8,4,0.5,8,4,0.5,0,0,0.0,1,1,1.0,1,11,12,MIA,East,Southeast,Home,Win,0
2012-10-30,20:00,Regular,Bass,Brandon,BOS,East,Atlantic,Away,Loss,0,McCutchen,Monty,Wright,Sean,Fitzgerald,Kane,Brandon Bass,Starter,28,PF,80,250,1985-04-30,15,1,1,0,0,2,11,6,0.5455,11,6,0.5455,0,0,0.0,4,3,0.75,6,5,11,MIA,East,Southeast,Home,Win,0
2012-10-30,20:00,Regular,Lee,Courtney,BOS,East,Atlantic,Away,Loss,0,McCutchen,Monty,Wright,Sean,Fitzgerald,Kane,Courtney Lee,Starter,24,SG,77,200,1985-10-03,11,1,1,0,0,5,6,5,0.8333,5,4,0.8,1,1,1.0,0,0,0.0,0,1,1,MIA,East,Southeast,Home,Win,0
2012-10-30,20:00,Regular,Terry,Jason,BOS,East,Atlantic,Away,Loss,0,McCutchen,Monty,Wright,Sean,Fitzgerald,Kane,Jason Terry,Bench,25,SG,74,176,1977-09-15,8,1,3,1,0,3,7,2,0.2857,4,2,0.5,3,0,0.0,4,4,1.0,0,0,0,MIA,East,Southeast,Home,Win,0
2012-10-30,20:00,Regular,Green,Jeff,BOS,East,Atlantic,Away,Loss,0,McCutchen,Monty,Wright,Sean,Fitzgerald,Kane,Jeff Green,Bench,23,PF,81,235,1986-08-08,3,0,1,1,0,0,4,0,0.0,4,0,0.0,0,0,0.0,4,3,0.75,0,3,3,MIA,East,Southeast,Home,Win,0
2012-10-30,20:00,Regular,Barbosa,Leandro,BOS,East,Atlantic,Away,Loss,0,McCutchen,Monty,Wright,Sean,Fitzgerald,Kane,Leandro Barbosa,Bench,16,SG,75,194,1982-11-28,16,1,0,0,0,1,8,6,0.75,5,3,0.6,3,3,1.0,2,1,0.5,0,1,1,MIA,East,Southeast,Home,Win,0
2012-10-30,20:00,Regular,Sullinger,Jared,BOS,East,Atlantic,Away,Loss,0,McCutchen,Monty,Wright,Sean,Fitzgerald,Kane,Jared Sullinger,Bench,8,PF,81,280,1992-03-04,2,0,0,0,0,1,2,1,0.5,2,1,0.5,0,0,0.0,0,0,0.0,0,1,1,MIA,East,Southeast,Home,Win,0
2012-10-30,20:00,Regular,Bosh,Chris,MIA,East,Southeast,Home,Win,0,McCutchen,Monty,Wright,Sean,Fitzgerald,Kane,Chris Bosh,Starter,37,PF,82,228,1984-03-24,19,1,1,0,3,3,15,8,0.5333,14,8,0.5714,1,0,0.0,4,3,0.75,2,8,10,BOS,East,Atlantic,Away,Loss,0
2012-10-30,20:00,Regular,Chalmers,Mario,MIA,East,Southeast,Home,Win,0,McCutchen,Monty,Wright,Sean,Fitzgerald,Kane,Mario Chalmers,Starter,36,PG,73,190,1986-05-19,8,11,1,3,0,3,7,3,0.4286,6,3,0.5,1,0,0.0,2,2,1.0,0,1,1,BOS,East,Atlantic,Away,Loss,0
2012-10-30,20:00,Regular,Wade,Dwyane,MIA,East,Southeast,Home,Win,0,McCutchen,Monty,Wright,Sean,Fitzgerald,Kane,Dwyane Wade,Starter,35,SG,76,212,1982-01-17,29,4,4,2,1,3,22,10,0.4545,22,10,0.4545,0,0,0.0,11,9,0.8182,2,1,3,BOS,East,Atlantic,Away,Loss,0
2012-10-30,20:00,Regular,Battier,Shane,MIA,East,Southeast,Home,Win,0,McCutchen,Monty,Wright,Sean,Fitzgerald,Kane,Shane Battier,Starter,29,SF,80,220,1978-09-09,6,1,0,1,0,3,4,2,0.5,1,0,0.0,3,2,0.6667,0,0,0.0,0,2,2,BOS,East,Atlantic,Away,Loss,0
2012-10-30,20:00,Regular,James,LeBron,MIA,East,Southeast,Home,Win,0,McCutchen,Monty,Wright,Sean,Fitzgerald,Kane,LeBron James,Starter,29,SF,80,240,1984-12-30,26,3,0,2,0,2,16,10,0.625,12,8,0.6667,4,2,0.5,5,4,0.8,1,9,10,BOS,East,Atlantic,Away,Loss,0
2012-10-30,20:00,Regular,Allen,Ray,MIA,East,Southeast,Home,Win,0,McCutchen,Monty,Wright,Sean,Fitzgerald,Kane,Ray Allen,Bench,31,SG,77,205,1975-07-20,19,2,0,0,0,1,7,5,0.7143,4,3,0.75,3,2,0.6667,8,7,0.875,0,2,2,BOS,East,Atlantic,Away,Loss,0
2012-10-30,20:00,Regular,Lewis,Rashard,MIA,East,Southeast,Home,Win,0,McCutchen,Monty,Wright,Sean,Fitzgerald,Kane,Rashard Lewis,Bench,19,PF,82,215,1979-08-08,10,1,0,0,1,1,5,4,0.8,3,3,1.0,2,1,0.5,2,1,0.5,0,5,5,BOS,East,Atlantic,Away,Loss,0
2012-10-30,20:00,Regular,Haslem,Udonis,MIA,East,Southeast,Home,Win,0,McCutchen,Monty,Wright,Sean,Fitzgerald,Kane,Udonis Haslem,Bench,11,PF,80,230,1980-06-09,0,0,1,0,0,1,1,0,0.0,1,0,0.0,0,0,0.0,0,0,0.0,0,3,3,BOS,East,Atlantic,Away,Loss,0
2012-10-30,20:00,Regular,Miller,Mike,MIA,East,Southeast,Home,Win,0,McCutchen,Monty,Wright,Sean,Fitzgerald,Kane,Mike Miller,Bench,7,SF,80,218,1980-02-19,0,1,0,0,0,1,0,0,0.0,0,0,0.0,0,0,0.0,0,0,0.0,0,0,0,BOS,East,Atlantic,Away,Loss,0
2012-10-30,20:00,Regular,Cole,Norris,MIA,East,Southeast,Home,Win,0,McCutchen,Monty,Wright,Sean,Fitzgerald,Kane,Norris Cole,Bench,6,PG,74,170,1988-10-13,3,1,1,0,0,2,2,1,0.5,0,0,0.0,2,1,0.5,0,0,0.0,0,0,0,BOS,East,Atlantic,Away,Loss,0
2012-10-30,22:30,Regular,Brand,Elton,DAL,West,Southwest,Away,Win,0,Foster,Scott,Zielinski,Gary,Dalen,Eric,Elton Brand,Starter,36,PF,80,275,1979-03-11,8,2,0,1,1,4,10,3,0.3,10,3,0.3,0,0,0.0,2,2,1.0,2,9,11,LAL,West,Pacific,Home,Loss,0
2012-10-30,22:30,Regular,Marion,Shawn,DAL,West,Southwest,Away,Win,0,Foster,Scott,Zielinski,Gary,Dalen,Eric,Shawn Marion,Starter,33,PF,79,220,1978-05-07,11,4,2,1,1,4,11,5,0.4545,11,5,0.4545,0,0,0.0,1,1,1.0,2,7,9,LAL,West,Pacific,Home,Loss,0
2012-10-30,22:30,Regular,Collison,Darren,DAL,West,Southwest,Away,Win,0,Foster,Scott,Zielinski,Gary,Dalen,Eric,Darren Collison,Starter,32,PG,72,160,1987-08-23,17,4,2,3,0,2,12,8,0.6667,11,8,0.7273,1,0,0.0,2,1,0.5,0,2,2,LAL,West,Pacific,Home,Loss,0
2012-10-30,22:30,Regular,Mayo,O.J.,DAL,West,Southwest,Away,Win,0,Foster,Scott,Zielinski,Gary,Dalen,Eric,O.J. Mayo,Starter,31,SG,77,200,1987-11-05,12,3,2,1,0,0,13,4,0.3077,9,2,0.2222,4,2,0.5,2,2,1.0,1,0,1,LAL,West,Pacific,Home,Loss,0
2012-10-30,22:30,Regular,Wright,Brandan,DAL,West,Southwest,Away,Win,0,Foster,Scott,Zielinski,Gary,Dalen,Eric,Brandan Wright,Starter,20,PF,81,205,1987-10-05,14,0,3,0,3,3,5,5,1.0,5,5,1.0,0,0,0.0,5,4,0.8,1,4,5,LAL,West,Pacific,Home,Loss,0
2012-10-30,22:30,Regular,Carter,Vincent,DAL,West,Southwest,Away,Win,0,Foster,Scott,Zielinski,Gary,Dalen,Eric,Vince Carter,Bench,27,SG,78,220,1977-01-26,11,2,1,1,0,3,12,5,0.4167,8,5,0.625,4,0,0.0,2,1,0.5,0,4,4,LAL,West,Pacific,Home,Loss,0
2012-10-30,22:30,Regular,Crowder,Jae,DAL,West,Southwest,Away,Win,0,Foster,Scott,Zielinski,Gary,Dalen,Eric,Jae Crowder,Bench,20,SF,78,235,1990-07-06,8,2,0,1,0,1,7,3,0.4286,3,1,0.3333,4,2,0.5,0,0,0.0,0,3,3,LAL,West,Pacific,Home,Loss,0
2012-10-30,22:30,Regular,Curry,Eddy,DAL,West,Southwest,Away,Win,0,Foster,Scott,Zielinski,Gary,Dalen,Eric,Eddy Curry,Bench,17,C,84,295,1982-12-05,7,0,1,0,0,4,7,3,0.4286,7,3,0.4286,0,0,0.0,2,1,0.5,2,2,4,LAL,West,Pacific,Home,Loss,0
2012-10-30,22:30,Regular,Beaubois,Rodrigue,DAL,West,Southwest,Away,Win,0,Foster,Scott,Zielinski,Gary,Dalen,Eric,Rodrigue Beaubois,Bench,17,PG,74,185,1988-02-24,11,5,0,1,0,2,8,4,0.5,6,3,0.5,2,1,0.5,2,2,1.0,1,0,1,LAL,West,Pacific,Home,Loss,0
2012-10-30,22:30,Regular,Jones,Dahntay,DAL,West,Southwest,Away,Win,0,Foster,Scott,Zielinski,Gary,Dalen,Eric,Dahntay Jones,Bench,8,SG,78,225,1980-12-27,0,0,0,0,0,2,0,0,0.0,0,0,0.0,0,0,0.0,0,0,0.0,0,0,0,LAL,West,Pacific,Home,Loss,0
2012-10-30,22:30,Regular,Gasol,Pau,LAL,West,Pacific,Home,Loss,0,Foster,Scott,Zielinski,Gary,Dalen,Eric,Pau Gasol,Starter,40,PF,84,250,1980-07-06,23,6,2,0,3,2,19,8,0.4211,18,7,0.3889,1,1,1.0,8,6,0.75,4,9,13,DAL,West,Southwest,Away,Win,0
2012-10-30,22:30,Regular,Howard,Dwight,LAL,West,Pacific,Home,Loss,0,Foster,Scott,Zielinski,Gary,Dalen,Eric,Dwight Howard,Starter,38,C,83,265,1985-12-08,19,2,3,0,1,6,12,8,0.6667,12,8,0.6667,0,0,0.0,14,3,0.2143,4,6,10,DAL,West,Southwest,Away,Win,0
2012-10-30,22:30,Regular,World Peace,Metta,LAL,West,Pacific,Home,Loss,0,Foster,Scott,Zielinski,Gary,Dalen,Eric,Metta World Peace,Starter,36,SF,79,260,1979-11-13,3,4,3,3,0,1,8,1,0.125,5,1,0.2,3,0,0.0,2,1,0.5,2,6,8,DAL,West,Southwest,Away,Win,0
2012-10-30,22:30,Regular,Bryant,Kobe,LAL,West,Pacific,Home,Loss,0,Foster,Scott,Zielinski,Gary,Dalen,Eric,Kobe Bryant,Starter,35,SG,78,200,1978-08-23,22,0,2,1,0,3,14,11,0.7857,14,11,0.7857,0,0,0.0,0,0,0.0,0,1,1,DAL,West,Southwest,Away,Win,0
2012-10-30,22:30,Regular,Nash,Steve,LAL,West,Pacific,Home,Loss,0,Foster,Scott,Zielinski,Gary,Dalen,Eric,Steve Nash,Starter,34,PG,75,195,1974-02-07,7,4,1,0,1,1,9,3,0.3333,5,2,0.4,4,1,0.25,0,0,0.0,0,2,2,DAL,West,Southwest,Away,Win,0
2012-10-30,22:30,Regular,Jamison,Antawn,LAL,West,Pacific,Home,Loss,0,Foster,Scott,Zielinski,Gary,Dalen,Eric,Antawn Jamison,Bench,15,PF,81,235,1976-06-12,5,2,0,1,0,3,4,2,0.5,3,2,0.6667,1,0,0.0,1,1,1.0,1,4,5,DAL,West,Southwest,Away,Win,0
2012-10-30,22:30,Regular,Blake,Steve,LAL,West,Pacific,Home,Loss,0,Foster,Scott,Zielinski,Gary,Dalen,Eric,Steve Blake,Bench,14,PG,75,172,1980-02-26,0,6,1,1,0,2,2,0,0.0,1,0,0.0,1,0,0.0,0,0,0.0,0,0,0,DAL,West,Southwest,Away,Win,0
2012-10-30,22:30,Regular,Hill,Jordan,LAL,West,Pacific,Home,Loss,0,Foster,Scott,Zielinski,Gary,Dalen,Eric,Jordan Hill,Bench,14,PF,82,235,1987-07-27,9,0,1,0,0,2,6,4,0.6667,6,4,0.6667,0,0,0.0,6,1,0.1667,4,1,5,DAL,West,Southwest,Away,Win,0
2012-10-30,22:30,Regular,Meeks,Jodie,LAL,West,Pacific,Home,Loss,0,Foster,Scott,Zielinski,Gary,Dalen,Eric,Jodie Meeks,Bench,13,SG,76,208,1987-08-21,3,0,1,0,0,1,3,1,0.3333,0,0,0.0,3,1,0.3333,0,0,0.0,0,2,2,DAL,West,Southwest,Away,Win,0
2012-10-31,19:00,Regular,Lawson,Ty,DEN,West,Northwest,Away,Loss,0,Salvatore,Bennett,Brown,Tony,Lewis,Eric,Ty Lawson,Starter,37,PG,71,195,1987-11-03,16,7,0,2,0,4,17,7,0.4118,15,6,0.4,2,1,0.5,2,1,0.5,1,4,5,PHI,East,Atlantic,Home,Win,0
2012-10-31,19:00,Regular,Iguodala,Andre,DEN,West,Northwest,Away,Loss,0,Salvatore,Bennett,Brown,Tony,Lewis,Eric,Andre Iguodala,Starter,35,SG,78,207,1984-01-28,11,4,4,2,1,0,13,5,0.3846,9,5,0.5556,4,0,0.0,3,1,0.3333,1,3,4,PHI,East,Atlantic,Home,Win,0
2012-10-31,19:00,Regular,Koufos,Konstantine,DEN,West,Northwest,Away,Loss,0,Salvatore,Bennett,Brown,Tony,Lewis,Eric,Kosta Koufos,Starter,30,C,84,265,1989-02-24,6,0,1,1,1,3,3,2,0.6667,3,2,0.6667,0,0,0.0,4,2,0.5,4,5,9,PHI,East,Atlantic,Home,Win,0
2012-10-31,19:00,Regular,Faried,Kenneth,DEN,West,Northwest,Away,Loss,0,Salvatore,Bennett,Brown,Tony,Lewis,Eric,Kenneth Faried,Starter,17,SF,80,228,1989-11-19,6,0,2,1,0,2,9,3,0.3333,9,3,0.3333,0,0,0.0,0,0,0.0,5,2,7,PHI,East,Atlantic,Home,Win,0
2012-10-31,19:00,Regular,Hamilton,Jordan,DEN,West,Northwest,Away,Loss,0,Salvatore,Bennett,Brown,Tony,Lewis,Eric,Jordan Hamilton,Starter,13,SG,79,220,1990-10-06,4,2,0,0,0,2,5,2,0.4,3,2,0.6667,2,0,0.0,0,0,0.0,0,6,6,PHI,East,Atlantic,Home,Win,0
2012-10-31,19:00,Regular,Miller,Andre,DEN,West,Northwest,Away,Loss,0,Salvatore,Bennett,Brown,Tony,Lewis,Eric,Andre Miller,Bench,32,PG,74,200,1976-03-19,10,5,3,2,0,2,15,5,0.3333,14,5,0.3571,1,0,0.0,0,0,0.0,1,6,7,PHI,East,Atlantic,Home,Win,0
2012-10-31,19:00,Regular,Brewer,Corey,DEN,West,Northwest,Away,Loss,0,Salvatore,Bennett,Brown,Tony,Lewis,Eric,Corey Brewer,Bench,27,SF,81,188,1986-03-05,8,0,5,1,0,4,9,3,0.3333,3,1,0.3333,6,2,0.3333,0,0,0.0,0,6,6,PHI,East,Atlantic,Home,Win,0
2012-10-31,19:00,Regular,Chandler,Wilson,DEN,West,Northwest,Away,Loss,0,Salvatore,Bennett,Brown,Tony,Lewis,Eric,Wilson Chandler,Bench,21,SF,80,220,1987-05-10,5,0,1,0,0,4,8,2,0.25,7,2,0.2857,1,0,0.0,2,1,0.5,0,3,3,PHI,East,Atlantic,Home,Win,0
2012-10-31,19:00,Regular,McGee,JaVale,DEN,West,Northwest,Away,Loss,0,Salvatore,Bennett,Brown,Tony,Lewis,Eric,JaVale McGee,Bench,18,C,84,237,1988-01-19,4,0,3,0,3,0,5,2,0.4,5,2,0.4,0,0,0.0,0,0,0.0,4,3,7,PHI,East,Atlantic,Home,Win,0
2012-10-31,19:00,Regular,Fournier,Evan,DEN,West,Northwest,Away,Loss,0,Salvatore,Bennett,Brown,Tony,Lewis,Eric,Evan Fournier,Bench,10,SG,79,204,1992-10-29,5,1,1,0,0,1,4,2,0.5,2,1,0.5,2,1,0.5,0,0,0.0,0,0,0,PHI,East,Atlantic,Home,Win,0
2012-10-31,19:00,Regular,Holiday,Jrue,PHI,East,Atlantic,Home,Win,0,Salvatore,Bennett,Brown,Tony,Lewis,Eric,Jrue Holiday,Starter,41,PG,75,180,1990-06-12,14,11,3,2,0,3,16,5,0.3125,13,5,0.3846,3,0,0.0,5,4,0.8,2,4,6,DEN,West,Northwest,Away,Loss,0
2012-10-31,19:00,Regular,Richardson,Jason,PHI,East,Atlantic,Home,Win,0,Salvatore,Bennett,Brown,Tony,Lewis,Eric,Jason Richardson,Starter,37,SG,78,220,1981-01-20,10,2,0,4,3,3,13,4,0.3077,6,2,0.3333,7,2,0.2857,0,0,0.0,2,2,4,DEN,West,Northwest,Away,Loss,0
2012-10-31,19:00,Regular,Young,Thaddeus,PHI,East,Atlantic,Home,Win,0,Salvatore,Bennett,Brown,Tony,Lewis,Eric,Thaddeus Young,Starter,36,SF,80,220,1988-06-21,13,1,1,2,1,2,12,6,0.5,12,6,0.5,0,0,0.0,3,1,0.3333,1,4,5,DEN,West,Northwest,Away,Loss,0
2012-10-31,19:00,Regular,Turner,Evan,PHI,East,Atlantic,Home,Win,0,Salvatore,Bennett,Brown,Tony,Lewis,Eric,Evan Turner,Starter,28,SG,79,210,1988-10-27,5,2,3,0,0,4,7,2,0.2857,6,2,0.3333,1,0,0.0,1,1,1.0,0,6,6,DEN,West,Northwest,Away,Loss,0
2012-10-31,19:00,Regular,Allen,Lavoy,PHI,East,Atlantic,Home,Win,0,Salvatore,Bennett,Brown,Tony,Lewis,Eric,Lavoy Allen,Starter,17,PF,81,225,1989-02-04,3,0,1,0,1,0,5,1,0.2,5,1,0.2,0,0,0.0,2,1,0.5,4,0,4,DEN,West,Northwest,Away,Loss,0
2012-10-31,19:00,Regular,Hawes,Spencer,PHI,East,Atlantic,Home,Win,0,Salvatore,Bennett,Brown,Tony,Lewis,Eric,Spencer Hawes,Bench,31,C,84,245,1988-04-28,16,2,3,2,5,1,11,6,0.5455,8,4,0.5,3,2,0.6667,2,2,1.0,3,9,12,DEN,West,Northwest,Away,Loss,0
2012-10-31,19:00,Regular,Wright,Dorell,PHI,East,Atlantic,Home,Win,0,Salvatore,Bennett,Brown,Tony,Lewis,Eric,Dorell Wright,Bench,28,SG,79,200,1985-12-02,14,0,2,2,1,1,12,3,0.25,4,1,0.25,8,2,0.25,6,6,1.0,2,5,7,DEN,West,Northwest,Away,Loss,0
2012-10-31,19:00,Regular,Young,Nick,PHI,East,Atlantic,Home,Win,0,Salvatore,Bennett,Brown,Tony,Lewis,Eric,Nick Young,Bench,19,SG,79,210,1985-06-01,9,0,1,1,0,0,9,3,0.3333,6,2,0.3333,3,1,0.3333,2,2,1.0,0,3,3,DEN,West,Northwest,Away,Loss,0
2012-10-31,19:00,Regular,Wayns,Maalik,PHI,East,Atlantic,Home,Win,0,Salvatore,Bennett,Brown,Tony,Lewis,Eric,Maalik Wayns,Bench,3,PG,73,195,1991-05-02,0,0,1,0,0,0,0,0,0.0,0,0,0.0,0,0,0.0,0,0,0.0,0,0,0,DEN,West,Northwest,Away,Loss,0
2012-10-31,19:00,Regular,Wilkins,Damien,PHI,East,Atlantic,Home,Win,0,Salvatore,Bennett,Brown,Tony,Lewis,Eric,Damien Wilkins,Bench,1,SG,78,225,1980-01-11,0,0,0,0,0,0,0,0,0.0,0,0,0.0,0,0,0.0,0,0,0.0,0,0,0,DEN,West,Northwest,Away,Loss,0
2012-10-31,19:00,Regular,Green,Gerald,IND,East,Central,Away,Win,0,Spooner,Bill,Guthrie,David,Lindsay,Mark,Gerald Green,Starter,37,SG,80,200,1986-01-26,6,2,6,0,1,1,7,2,0.2857,3,0,0.0,4,2,0.5,0,0,0.0,0,2,2,TOR,East,Atlantic,Home,Loss,0
2012-10-31,19:00,Regular,George,Paul,IND,East,Central,Away,Win,0,Spooner,Bill,Guthrie,David,Lindsay,Mark,Paul George,Starter,35,SF,80,210,1980-05-02,14,5,5,0,1,2,15,7,0.4667,15,7,0.4667,0,0,0.0,0,0,0.0,2,13,15,TOR,East,Atlantic,Home,Loss,0
2012-10-31,19:00,Regular,Hill,George,IND,East,Central,Away,Win,0,Spooner,Bill,Guthrie,David,Lindsay,Mark,George Hill,Starter,33,PG,74,180,1986-05-04,8,7,1,0,1,3,9,3,0.3333,5,2,0.4,4,1,0.25,2,1,0.5,0,2,2,TOR,East,Atlantic,Home,Loss,0
2012-10-31,19:00,Regular,Hibbert,Roy,IND,East,Central,Away,Win,0,Spooner,Bill,Guthrie,David,Lindsay,Mark,Roy Hibbert,Starter,29,C,86,278,1986-12-11,14,3,0,1,5,3,13,6,0.4615,13,6,0.4615,0,0,0.0,4,2,0.5,3,6,9,TOR,East,Atlantic,Home,Loss,0
2012-10-31,19:00,Regular,West,David,IND,East,Central,Away,Win,0,Spooner,Bill,Guthrie,David,Lindsay,Mark,David West,Starter,28,PF,81,240,1980-08-29,25,1,0,1,0,3,19,12,0.6316,18,12,0.6667,1,0,0.0,1,1,1.0,0,2,2,TOR,East,Atlantic,Home,Loss,0
2012-10-31,19:00,Regular,Hansbrough,Tyler,IND,East,Central,Away,Win,0,Spooner,Bill,Guthrie,David,Lindsay,Mark,Tyler Hansbrough,Bench,20,PF,81,250,1985-11-03,8,1,0,0,0,0,5,2,0.4,5,2,0.4,0,0,0.0,4,4,1.0,0,3,3,TOR,East,Atlantic,Home,Loss,0
2012-10-31,19:00,Regular,Mahinmi,Ian,IND,East,Central,Away,Win,0,Spooner,Bill,Guthrie,David,Lindsay,Mark,Ian Mahinmi,Bench,19,C,82,230,1986-11-05,1,0,4,0,2,3,1,0,0.0,1,0,0.0,0,0,0.0,2,1,0.5,2,3,5,TOR,East,Atlantic,Home,Loss,0
2012-10-31,19:00,Regular,Augustin,D.J.,IND,East,Central,Away,Win,0,Spooner,Bill,Guthrie,David,Lindsay,Mark,D.J. Augustin,Bench,15,PG,72,180,1987-11-10,5,2,2,1,0,1,4,1,0.25,3,0,0.0,1,1,1.0,3,2,0.6667,0,1,1,TOR,East,Atlantic,Home,Loss,0
2012-10-31,19:00,Regular,Stephenson,Lance,IND,East,Central,Away,Win,0,Spooner,Bill,Guthrie,David,Lindsay,Mark,Lance Stephenson,Bench,13,SG,77,210,1990-09-05,5,0,0,0,0,0,3,2,0.6667,2,1,0.5,1,1,1.0,0,0,0.0,1,3,4,TOR,East,Atlantic,Home,Loss,0
2012-10-31,19:00,Regular,Young,Sam,IND,East,Central,Away,Win,0,Spooner,Bill,Guthrie,David,Lindsay,Mark,Sam Young,Bench,11,SF,78,225,1985-06-01,4,1,0,0,0,0,2,2,1.0,2,2,1.0,0,0,0.0,0,0,0.0,1,2,3,TOR,East,Atlantic,Home,Loss,0
2012-10-31,19:00,Regular,Lowry,Kyle,TOR,East,Atlantic,Home,Loss,0,Spooner,Bill,Guthrie,David,Lindsay,Mark,Kyle Lowry,Starter,36,PG,72,175,1986-03-25,21,8,2,5,0,3,11,6,0.5455,8,4,0.5,3,2,0.6667,7,7,1.0,1,6,7,IND,East,Central,Away,Win,0
2012-10-31,19:00,Regular,Bargnani,Andrea,TOR,East,Atlantic,Home,Loss,0,Spooner,Bill,Guthrie,David,Lindsay,Mark,Andrea Bargnani,Starter,34,C,82,225,1985-10-26,16,1,3,0,3,2,15,4,0.2667,11,3,0.2727,4,1,0.25,8,7,0.875,0,3,3,IND,East,Central,Away,Win,0
2012-10-31,19:00,Regular,DeRozan,DeMar,TOR,East,Atlantic,Home,Loss,0,Spooner,Bill,Guthrie,David,Lindsay,Mark,DeMar DeRozan,Starter,27,SG,79,220,1989-08-07,10,1,0,0,1,1,14,5,0.3571,14,5,0.3571,0,0,0.0,0,0,0.0,3,2,5,IND,East,Central,Away,Win,0
2012-10-31,19:00,Regular,Fields,Landry,TOR,East,Atlantic,Home,Loss,0,Spooner,Bill,Guthrie,David,Lindsay,Mark,Landry Fields,Starter,24,SG,79,215,1988-06-27,0,1,1,1,0,1,6,0,0.0,5,0,0.0,1,0,0.0,0,0,0.0,0,2,2,IND,East,Central,Away,Win,0
2012-10-31,19:00,Regular,Valančiūnas,Jonas,TOR,East,Atlantic,Home,Loss,0,Spooner,Bill,Guthrie,David,Lindsay,Mark,Jonas Valančiūnas,Starter,23,C,84,231,1992-05-06,12,0,0,0,1,4,15,6,0.4,15,6,0.4,0,0,0.0,0,0,0.0,6,4,10,IND,East,Central,Away,Win,0
2012-10-31,19:00,Regular,Calderon,Jose,TOR,East,Atlantic,Home,Loss,0,Spooner,Bill,Guthrie,David,Lindsay,Mark,Jose Calderon,Bench,26,PG,75,210,1981-09-28,15,3,1,1,0,1,12,6,0.5,6,3,0.5,6,3,0.5,0,0,0.0,0,1,1,IND,East,Central,Away,Win,0
2012-10-31,19:00,Regular,Anderson,Alan,TOR,East,Atlantic,Home,Loss,0,Spooner,Bill,Guthrie,David,Lindsay,Mark,Alan Anderson,Bench,19,SG,78,220,1982-10-16,0,4,1,3,0,0,3,0,0.0,2,0,0.0,1,0,0.0,0,0,0.0,1,1,2,IND,East,Central,Away,Win,0
2012-10-31,19:00,Regular,Johnson,Amir,TOR,East,Atlantic,Home,Loss,0,Spooner,Bill,Guthrie,David,Lindsay,Mark,Amir Johnson,Bench,17,SF,81,210,1987-05-01,5,0,0,2,1,3,6,2,0.3333,6,2,0.3333,0,0,0.0,2,1,0.5,3,4,7,IND,East,Central,Away,Win,0
2012-10-31,19:00,Regular,Davis,Edward,TOR,East,Atlantic,Home,Loss,0,Spooner,Bill,Guthrie,David,Lindsay,Mark,Ed Davis,Bench,14,PF,82,215,1989-06-05,5,0,2,0,2,1,4,2,0.5,4,2,0.5,0,0,0.0,2,1,0.5,1,1,2,IND,East,Central,Away,Win,0
2012-10-31,19:00,Regular,Gray,Aaron,TOR,East,Atlantic,Home,Loss,0,Spooner,Bill,Guthrie,David,Lindsay,Mark,Aaron Gray,Bench,8,C,84,270,1984-12-07,4,0,0,0,0,2,2,2,1.0,2,2,1.0,0,0,0.0,0,0,0.0,0,1,1,IND,East,Central,Away,Win,0
2012-10-31,19:00,Regular,Ross,Terrence,TOR,East,Atlantic,Home,Loss,0,Spooner,Bill,Guthrie,David,Lindsay,Mark,Terrence Ross,Bench,6,SG,78,190,1991-02-05,0,0,0,0,0,0,2,0,0.0,0,0,0.0,2,0,0.0,0,0,0.0,0,1,1,IND,East,Central,Away,Win,0
2012-10-31,19:00,Regular,Lucas,John,TOR,East,Atlantic,Home,Loss,0,Spooner,Bill,Guthrie,David,Lindsay,Mark,John Lucas,Bench,5,PG,71,165,1982-11-21,0,0,0,0,0,0,1,0,0.0,1,0,0.0,0,0,0.0,0,0,0.0,0,1,1,IND,East,Central,Away,Win,0
2012-10-31,19:30,Regular,Harden,James,HOU,West,Southwest,Away,Win,0,Kirkland,Courtney,Garretson,Ron,Corbin,Sean,James Harden,Starter,44,SG,77,218,1989-08-26,37,12,4,4,1,2,25,14,0.56,15,10,0.6667,10,4,0.4,6,5,0.8333,1,5,6,DET,East,Central,Home,Loss,0
2012-10-31,19:30,Regular,Parsons,Chandler,HOU,West,Southwest,Away,Win,0,Kirkland,Courtney,Garretson,Ron,Corbin,Sean,Chandler Parsons,Starter,42,SF,81,200,1988-10-25,11,6,3,0,0,3,9,3,0.3333,5,2,0.4,4,1,0.25,5,4,0.8,2,5,7,DET,East,Central,Home,Loss,0
2012-10-31,19:30,Regular,Lin,Jeremy,HOU,West,Southwest,Away,Win,0,Kirkland,Courtney,Garretson,Ron,Corbin,Sean,Jeremy Lin,Starter,35,PG,75,200,1988-08-23,12,8,4,4,0,4,12,5,0.4167,10,5,0.5,2,0,0.0,2,2,1.0,0,4,4,DET,East,Central,Home,Loss,0
2012-10-31,19:30,Regular,Asik,Omer,HOU,West,Southwest,Away,Win,0,Kirkland,Courtney,Garretson,Ron,Corbin,Sean,Omer Asik,Starter,33,C,84,255,1986-07-04,12,0,3,1,2,2,6,5,0.8333,6,5,0.8333,0,0,0.0,6,2,0.3333,2,7,9,DET,East,Central,Home,Loss,0
2012-10-31,19:30,Regular,Morris,Marcus,HOU,West,Southwest,Away,Win,0,Kirkland,Courtney,Garretson,Ron,Corbin,Sean,Marcus Morris,Starter,26,PF,81,235,1989-09-02,6,1,2,0,0,3,10,3,0.3,8,3,0.375,2,0,0.0,0,0,0.0,4,3,7,DET,East,Central,Home,Loss,0
2012-10-31,19:30,Regular,Delfino,Carlos,HOU,West,Southwest,Away,Win,0,Kirkland,Courtney,Garretson,Ron,Corbin,Sean,Carlos Delfino,Bench,24,SG,78,230,1982-08-29,15,0,3,1,0,3,6,5,0.8333,0,0,0.0,6,5,0.8333,0,0,0.0,1,6,7,DET,East,Central,Home,Loss,0
2012-10-31,19:30,Regular,Smith,Greg,HOU,West,Southwest,Away,Win,0,Kirkland,Courtney,Garretson,Ron,Corbin,Sean,Greg Smith,Bench,17,PF,82,250,1991-01-08,10,0,0,2,0,5,4,4,1.0,4,4,1.0,0,0,0.0,2,2,1.0,2,3,5,DET,East,Central,Home,Loss,0
2012-10-31,19:30,Regular,Douglas,Toney,HOU,West,Southwest,Away,Win,0,Kirkland,Courtney,Garretson,Ron,Corbin,Sean,Toney Douglas,Bench,13,PG,74,205,1986-03-16,2,1,1,0,0,1,5,0,0.0,3,0,0.0,2,0,0.0,2,2,1.0,0,0,0,DET,East,Central,Home,Loss,0
2012-10-31,19:30,Regular,Cook,Daequan,HOU,West,Southwest,Away,Win,0,Kirkland,Courtney,Garretson,Ron,Corbin,Sean,Daequan Cook,Bench,6,SG,77,210,1987-04-28,0,0,0,0,0,1,2,0,0.0,1,0,0.0,1,0,0.0,0,0,0.0,0,0,0,DET,East,Central,Home,Loss,0
2012-10-31,19:30,Regular,Stuckey,Rodney,DET,East,Central,Home,Loss,0,Kirkland,Courtney,Garretson,Ron,Corbin,Sean,Rodney Stuckey,Starter,37,PG,77,205,1986-04-21,9,6,0,1,0,0,10,1,0.1,7,1,0.1429,3,0,0.0,8,7,0.875,0,2,2,HOU,West,Southwest,Away,Win,0
2012-10-31,19:30,Regular,Knight,Brandon,DET,East,Central,Home,Loss,0,Kirkland,Courtney,Garretson,Ron,Corbin,Sean,Brandon Knight,Starter,37,PG,75,189,1991-02-02,15,4,2,1,0,0,15,5,0.3333,11,4,0.3636,4,1,0.25,6,4,0.6667,0,4,4,HOU,West,Southwest,Away,Win,0
2012-10-31,19:30,Regular,Monroe,Greg,DET,East,Central,Home,Loss,0,Kirkland,Courtney,Garretson,Ron,Corbin,Sean,Greg Monroe,Starter,35,C,83,247,1990-06-04,14,4,4,3,0,4,13,7,0.5385,13,7,0.5385,0,0,0.0,3,0,0.0,2,6,8,HOU,West,Southwest,Away,Win,0
2012-10-31,19:30,Regular,Prince,Tayshaun,DET,East,Central,Home,Loss,0,Kirkland,Courtney,Garretson,Ron,Corbin,Sean,Tayshaun Prince,Starter,32,SF,81,215,1980-02-28,12,1,1,1,0,0,9,4,0.4444,8,4,0.5,1,0,0.0,4,4,1.0,0,4,4,HOU,West,Southwest,Away,Win,0
2012-10-31,19:30,Regular,Maxiell,Jason,DET,East,Central,Home,Loss,0,Kirkland,Courtney,Garretson,Ron,Corbin,Sean,Jason Maxiell,Starter,24,PF,79,260,1983-02-18,10,0,2,0,2,2,7,4,0.5714,7,4,0.5714,0,0,0.0,2,2,1.0,4,4,8,HOU,West,Southwest,Away,Win,0
2012-10-31,19:30,Regular,Jerebko,Jonas,DET,East,Central,Home,Loss,0,Kirkland,Courtney,Garretson,Ron,Corbin,Sean,Jonas Jerebko,Bench,20,SF,81,220,1987-03-02,7,1,0,1,0,2,7,2,0.2857,6,2,0.3333,1,0,0.0,3,3,1.0,4,0,4,HOU,West,Southwest,Away,Win,0
2012-10-31,19:30,Regular,Singler,Kyle,DET,East,Central,Home,Loss,0,Kirkland,Courtney,Garretson,Ron,Corbin,Sean,Kyle Singler,Bench,16,SF,80,230,1988-05-04,10,0,1,0,1,0,5,4,0.8,3,2,0.6667,2,2,1.0,0,0,0.0,0,2,2,HOU,West,Southwest,Away,Win,0
2012-10-31,19:30,Regular,English,Kim,DET,East,Central,Home,Loss,0,Kirkland,Courtney,Garretson,Ron,Corbin,Sean,Kim English,Bench,14,SG,78,200,1988-09-24,8,3,1,2,0,1,6,3,0.5,2,1,0.5,4,2,0.5,0,0,0.0,0,0,0,HOU,West,Southwest,Away,Win,0
2012-10-31,19:30,Regular,Bynum,William,DET,East,Central,Home,Loss,0,Kirkland,Courtney,Garretson,Ron,Corbin,Sean,Will Bynum,Bench,13,PG,72,185,1983-01-04,9,2,3,1,0,4,6,4,0.6667,5,3,0.6,1,1,1.0,0,0,0.0,0,2,2,HOU,West,Southwest,Away,Win,0
2012-10-31,19:30,Regular,Drummond,Andre,DET,East,Central,Home,Loss,0,Kirkland,Courtney,Garretson,Ron,Corbin,Sean,Andre Drummond,Bench,13,PF,83,275,1993-08-10,2,0,2,2,1,2,1,1,1.0,1,1,1.0,0,0,0.0,0,0,0.0,0,2,2,HOU,West,Southwest,Away,Win,0
2012-10-31,20:00,Regular,Evans,Tyreke,SAC,West,Pacific,Away,Loss,0,Jones,David,Palmer,Violet,Forte,Brian,Tyreke Evans,Starter,39,PG,78,220,1989-09-19,21,3,2,0,1,3,13,8,0.6154,11,7,0.6364,2,1,0.5,4,4,1.0,1,7,8,CHI,East,Central,Home,Win,0
2012-10-31,20:00,Regular,Thompson,Jason,SAC,West,Pacific,Away,Loss,0,Jones,David,Palmer,Violet,Forte,Brian,Jason Thompson,Starter,28,PF,83,250,1986-07-21,8,2,0,0,1,4,6,3,0.5,6,3,0.5,0,0,0.0,2,2,1.0,3,5,8,CHI,East,Central,Home,Win,0
2012-10-31,20:00,Regular,Thomas,Isaiah,SAC,West,Pacific,Away,Loss,0,Jones,David,Palmer,Violet,Forte,Brian,Isaiah Thomas,Starter,25,PG,69,185,1989-02-07,10,1,3,0,0,1,8,3,0.375,5,1,0.2,3,2,0.6667,2,2,1.0,0,0,0,CHI,East,Central,Home,Win,0
2012-10-31,20:00,Regular,Cousins,DeMarcus,SAC,West,Pacific,Away,Loss,0,Jones,David,Palmer,Violet,Forte,Brian,DeMarcus Cousins,Starter,25,C,83,270,1990-08-13,14,1,7,3,2,4,14,7,0.5,14,7,0.5,0,0,0.0,0,0,0.0,3,4,7,CHI,East,Central,Home,Win,0
2012-10-31,20:00,Regular,Johnson,James,SAC,West,Pacific,Away,Loss,0,Jones,David,Palmer,Violet,Forte,Brian,James Johnson,Starter,21,PF,81,245,1987-02-20,2,1,4,3,0,3,8,1,0.125,7,1,0.1429,1,0,0.0,0,0,0.0,2,1,3,CHI,East,Central,Home,Win,0
2012-10-31,20:00,Regular,Thornton,Marcus,SAC,West,Pacific,Away,Loss,0,Jones,David,Palmer,Violet,Forte,Brian,Marcus Thornton,Bench,32,SG,76,205,1987-06-05,15,2,0,1,0,1,15,5,0.3333,9,4,0.4444,6,1,0.1667,5,4,0.8,0,4,4,CHI,East,Central,Home,Win,0
2012-10-31,20:00,Regular,Brooks,Aaron,SAC,West,Pacific,Away,Loss,0,Jones,David,Palmer,Violet,Forte,Brian,Aaron Brooks,Bench,23,PG,72,161,1985-01-14,7,1,0,1,0,6,10,3,0.3,7,2,0.2857,3,1,0.3333,1,0,0.0,0,3,3,CHI,East,Central,Home,Win,0
2012-10-31,20:00,Regular,Robinson,Thomas,SAC,West,Pacific,Away,Loss,0,Jones,David,Palmer,Violet,Forte,Brian,Thomas Robinson,Bench,22,PF,82,237,1991-03-18,3,0,3,1,0,3,5,1,0.2,5,1,0.2,0,0,0.0,2,1,0.5,1,2,3,CHI,East,Central,Home,Win,0
2012-10-31,20:00,Regular,Hayes,Charles,SAC,West,Pacific,Away,Loss,0,Jones,David,Palmer,Violet,Forte,Brian,Chuck Hayes,Bench,18,PF,78,240,1983-06-11,2,3,0,1,1,3,2,1,0.5,2,1,0.5,0,0,0.0,0,0,0.0,1,2,3,CHI,East,Central,Home,Win,0
2012-10-31,20:00,Regular,Garcia,Francisco,SAC,West,Pacific,Away,Loss,0,Jones,David,Palmer,Violet,Forte,Brian,Francisco Garcia,Bench,8,SG,79,195,1981-12-31,5,0,0,0,0,1,3,2,0.6667,1,1,1.0,2,1,0.5,0,0,0.0,0,1,1,CHI,East,Central,Home,Win,0
2012-10-31,20:00,Regular,Fredette,Jimmer,SAC,West,Pacific,Away,Loss,0,Jones,David,Palmer,Violet,Forte,Brian,Jimmer Fredette,Bench,1,PG,74,195,1989-02-25,0,0,0,0,0,0,0,0,0.0,0,0,0.0,0,0,0.0,0,0,0.0,0,0,0,CHI,East,Central,Home,Win,0
2012-10-31,20:00,Regular,Deng,Luol,CHI,East,Central,Home,Win,0,Jones,David,Palmer,Violet,Forte,Brian,Luol Deng,Starter,42,SF,80,220,1985-04-16,7,2,4,0,1,3,13,3,0.2308,9,3,0.3333,4,0,0.0,3,1,0.3333,5,7,12,SAC,West,Pacific,Away,Loss,0
2012-10-31,20:00,Regular,Noah,Joakim,CHI,East,Central,Home,Win,0,Jones,David,Palmer,Violet,Forte,Brian,Joakim Noah,Starter,40,C,83,232,1985-02-25,23,3,2,5,3,2,12,6,0.5,12,6,0.5,0,0,0.0,12,11,0.9167,5,5,10,SAC,West,Pacific,Away,Loss,0
2012-10-31,20:00,Regular,Boozer,Carlos,CHI,East,Central,Home,Win,0,Jones,David,Palmer,Violet,Forte,Brian,Carlos Boozer,Starter,33,PF,81,266,1981-11-20,18,2,3,1,1,3,13,8,0.6154,13,8,0.6154,0,0,0.0,5,2,0.4,1,7,8,SAC,West,Pacific,Away,Loss,0
2012-10-31,20:00,Regular,Hamilton,Richard,CHI,East,Central,Home,Win,0,Jones,David,Palmer,Violet,Forte,Brian,Richard Hamilton,Starter,31,SG,79,193,1978-02-14,19,3,3,2,0,1,16,7,0.4375,15,7,0.4667,1,0,0.0,5,5,1.0,0,1,1,SAC,West,Pacific,Away,Loss,0
2012-10-31,20:00,Regular,Hinrich,Kirk,CHI,East,Central,Home,Win,0,Jones,David,Palmer,Violet,Forte,Brian,Kirk Hinrich,Starter,29,PG,76,190,1981-01-02,3,7,2,0,0,2,7,1,0.1429,6,1,0.1667,1,0,0.0,3,1,0.3333,1,2,3,SAC,West,Pacific,Away,Loss,0
2012-10-31,20:00,Regular,Robinson,Nate,CHI,East,Central,Home,Win,0,Jones,David,Palmer,Violet,Forte,Brian,Nate Robinson,Bench,20,PG,69,180,1984-05-31,7,1,3,0,0,2,8,3,0.375,6,2,0.3333,2,1,0.5,0,0,0.0,0,5,5,SAC,West,Pacific,Away,Loss,0
2012-10-31,20:00,Regular,Gibson,Taj,CHI,East,Central,Home,Win,0,Jones,David,Palmer,Violet,Forte,Brian,Taj Gibson,Bench,19,PF,81,225,1985-06-24,4,0,0,0,4,1,6,2,0.3333,6,2,0.3333,0,0,0.0,0,0,0.0,1,4,5,SAC,West,Pacific,Away,Loss,0
2012-10-31,20:00,Regular,Belinelli,Marco,CHI,East,Central,Home,Win,0,Jones,David,Palmer,Violet,Forte,Brian,Marco Belinelli,Bench,12,SG,77,192,1986-03-25,6,3,1,0,0,0,2,1,0.5,1,0,0.0,1,1,1.0,3,3,1.0,0,0,0,SAC,West,Pacific,Away,Loss,0
2012-10-31,20:00,Regular,Butler,Jimmy,CHI,East,Central,Home,Win,0,Jones,David,Palmer,Violet,Forte,Brian,Jimmy Butler,Bench,11,SF,79,220,1989-09-14,4,0,0,0,0,3,1,1,1.0,1,1,1.0,0,0,0.0,2,2,1.0,0,1,1,SAC,West,Pacific,Away,Loss,0
2012-10-31,20:00,Regular,Mohammed,Nazr,CHI,East,Central,Home,Win,0,Jones,David,Palmer,Violet,Forte,Brian,Nazr Mohammed,Bench,3,C,82,221,1977-09-05,2,0,0,0,1,2,1,1,1.0,1,1,1.0,0,0,0.0,0,0,0.0,1,0,1,SAC,West,Pacific,Away,Loss,0
2012-10-31,20:00,Regular,Parker,Tony,SA,West,Southwest,Away,Win,0,Fraher,Pat,Goble,John,Capers,James,Tony Parker,Starter,35,PG,74,180,1982-05-17,23,6,0,0,0,2,19,9,0.4737,18,8,0.4444,1,1,1.0,6,4,0.6667,0,3,3,NO,West,Southwest,Home,Loss,0
2012-10-31,20:00,Regular,Duncan,Tim,SA,West,Southwest,Away,Win,0,Fraher,Pat,Goble,John,Capers,James,Tim Duncan,Starter,34,PF,84,248,1976-04-25,24,3,5,0,3,3,15,10,0.6667,15,10,0.6667,0,0,0.0,5,4,0.8,2,9,11,NO,West,Southwest,Home,Loss,0
2012-10-31,20:00,Regular,Leonard,Kawhi,SA,West,Southwest,Away,Win,0,Fraher,Pat,Goble,John,Capers,James,Kawhi Leonard,Starter,34,SF,79,225,1991-06-29,19,1,2,5,0,5,13,6,0.4615,7,3,0.4286,6,3,0.5,4,4,1.0,1,6,7,NO,West,Southwest,Home,Loss,0
2012-10-31,20:00,Regular,Green,Danny,SA,West,Southwest,Away,Win,0,Fraher,Pat,Goble,John,Capers,James,Danny Green,Starter,33,SF,78,210,1987-06-22,9,0,1,1,2,1,11,4,0.3636,6,3,0.5,5,1,0.2,0,0,0.0,0,3,3,NO,West,Southwest,Home,Loss,0
2012-10-31,20:00,Regular,Diaw,Boris,SA,West,Southwest,Away,Win,0,Fraher,Pat,Goble,John,Capers,James,Boris Diaw,Starter,30,PF,80,215,1982-04-16,4,6,2,2,1,1,3,2,0.6667,2,2,1.0,1,0,0.0,0,0,0.0,2,2,4,NO,West,Southwest,Home,Loss,0
2012-10-31,20:00,Regular,Jackson,Stephen,SA,West,Southwest,Away,Win,0,Fraher,Pat,Goble,John,Capers,James,Stephen Jackson,Bench,25,SF,80,220,1978-04-05,7,1,0,1,0,5,6,2,0.3333,3,2,0.6667,3,0,0.0,6,3,0.5,1,4,5,NO,West,Southwest,Home,Loss,0
2012-10-31,20:00,Regular,Neal,Gary,SA,West,Southwest,Away,Win,0,Fraher,Pat,Goble,John,Capers,James,Gary Neal,Bench,17,PG,76,210,1984-11-03,2,3,1,0,0,1,5,1,0.2,3,1,0.3333,2,0,0.0,1,0,0.0,1,2,3,NO,West,Southwest,Home,Loss,0
2012-10-31,20:00,Regular,Splitter,Tiago,SA,West,Southwest,Away,Win,0,Fraher,Pat,Goble,John,Capers,James,Tiago Splitter,Bench,16,PF,83,232,1985-01-01,7,1,1,0,0,1,5,3,0.6,5,3,0.6,0,0,0.0,2,1,0.5,3,3,6,NO,West,Southwest,Home,Loss,0
2012-10-31,20:00,Regular,Bonner,Matt,SA,West,Southwest,Away,Win,0,Fraher,Pat,Goble,John,Capers,James,Matt Bonner,Bench,10,PF,82,240,1980-04-05,3,0,1,0,1,2,3,1,0.3333,1,0,0.0,2,1,0.5,0,0,0.0,0,0,0,NO,West,Southwest,Home,Loss,0
2012-10-31,20:00,Regular,Mills,Patrick,SA,West,Southwest,Away,Win,0,Fraher,Pat,Goble,John,Capers,James,Patrick Mills,Bench,6,PG,72,185,1988-08-11,1,1,2,0,1,0,0,0,0.0,0,0,0.0,0,0,0.0,2,1,0.5,0,1,1,NO,West,Southwest,Home,Loss,0
2012-10-31,20:00,Regular,Aminu,Al-Farouq,NO,West,Southwest,Home,Loss,0,Fraher,Pat,Goble,John,Capers,James,Al-Farouq Aminu,Starter,37,SF,81,215,1990-09-21,17,3,3,2,3,2,16,8,0.5,15,8,0.5333,1,0,0.0,2,1,0.5,0,7,7,SA,West,Southwest,Away,Win,0
2012-10-31,20:00,Regular,Vasquez,Greivis,NO,West,Southwest,Home,Loss,0,Fraher,Pat,Goble,John,Capers,James,Greivis Vasquez,Starter,37,PG,78,200,1987-01-16,8,13,2,1,0,3,8,4,0.5,5,4,0.8,3,0,0.0,0,0,0.0,0,6,6,SA,West,Southwest,Away,Win,0
2012-10-31,20:00,Regular,Davis,Anthony,NO,West,Southwest,Home,Loss,0,Fraher,Pat,Goble,John,Capers,James,Anthony Davis,Starter,29,PF,82,220,1993-03-11,21,0,0,1,1,0,12,6,0.5,12,6,0.5,0,0,0.0,9,9,1.0,3,4,7,SA,West,Southwest,Away,Win,0
2012-10-31,20:00,Regular,Lopez,Robin,NO,West,Southwest,Home,Loss,0,Fraher,Pat,Goble,John,Capers,James,Robin Lopez,Starter,26,C,84,255,1988-04-01,8,3,2,0,1,2,10,4,0.4,10,4,0.4,0,0,0.0,0,0,0.0,3,6,9,SA,West,Southwest,Away,Win,0
2012-10-31,20:00,Regular,Rivers,Austin,NO,West,Southwest,Home,Loss,0,Fraher,Pat,Goble,John,Capers,James,Austin Rivers,Starter,24,SG,76,200,1992-08-01,7,2,3,0,0,3,9,1,0.1111,7,1,0.1429,2,0,0.0,6,5,0.8333,0,1,1,SA,West,Southwest,Away,Win,0
2012-10-31,20:00,Regular,Anderson,Ryan,NO,West,Southwest,Home,Loss,0,Fraher,Pat,Goble,John,Capers,James,Ryan Anderson,Bench,29,PF,82,240,1988-05-06,11,0,0,0,0,2,10,3,0.3,5,2,0.4,5,1,0.2,4,4,1.0,0,5,5,SA,West,Southwest,Away,Win,0
2012-10-31,20:00,Regular,Mason,Roger,NO,West,Southwest,Home,Loss,0,Fraher,Pat,Goble,John,Capers,James,Roger Mason,Bench,27,SG,77,205,1980-09-10,8,2,0,0,0,5,7,3,0.4286,3,1,0.3333,4,2,0.5,0,0,0.0,0,1,1,SA,West,Southwest,Away,Win,0
2012-10-31,20:00,Regular,Smith,Jason,NO,West,Southwest,Home,Loss,0,Fraher,Pat,Goble,John,Capers,James,Jason Smith,Bench,17,PF,84,240,1986-03-02,12,1,1,1,1,1,6,5,0.8333,6,5,0.8333,0,0,0.0,2,2,1.0,3,3,6,SA,West,Southwest,Away,Win,0
2012-10-31,20:00,Regular,Miller,Darius,NO,West,Southwest,Home,Loss,0,Fraher,Pat,Goble,John,Capers,James,Darius Miller,Bench,14,SF,80,235,1990-03-21,3,2,2,2,0,2,2,1,0.5,0,0,0.0,2,1,0.5,0,0,0.0,0,1,1,SA,West,Southwest,Away,Win,0
2012-10-31,20:00,Regular,Roberts,Brian,NO,West,Southwest,Home,Loss,0,Fraher,Pat,Goble,John,Capers,James,Brian Roberts,Bench,1,PG,73,173,1985-12-03,0,0,0,0,0,0,0,0,0.0,0,0,0.0,0,0,0.0,0,0,0.0,0,0,0,SA,West,Southwest,Away,Win,0
2012-10-31,21:00,Regular,Collison,Darren,DAL,West,Southwest,Away,Loss,1,Mott,Rodney,Mauer,Ken,Poole,Olandis,Darren Collison,Starter,33,PG,72,160,1987-08-23,17,7,1,1,0,2,12,6,0.5,10,4,0.4,2,2,1.0,3,3,1.0,1,3,4,UTA,West,Northwest,Home,Win,0
2012-10-31,21:00,Regular,Mayo,O.J.,DAL,West,Southwest,Away,Loss,1,Mott,Rodney,Mauer,Ken,Poole,Olandis,O.J. Mayo,Starter,31,SG,77,200,1987-11-05,12,3,2,0,0,4,9,3,0.3333,4,0,0.0,5,3,0.6,4,3,0.75,0,4,4,UTA,West,Northwest,Home,Win,0
2012-10-31,21:00,Regular,Marion,Shawn,DAL,West,Southwest,Away,Loss,1,Mott,Rodney,Mauer,Ken,Poole,Olandis,Shawn Marion,Starter,29,PF,79,220,1978-05-07,5,4,4,0,0,1,7,2,0.2857,5,1,0.2,2,1,0.5,0,0,0.0,2,9,11,UTA,West,Northwest,Home,Win,0
2012-10-31,21:00,Regular,Brand,Elton,DAL,West,Southwest,Away,Loss,1,Mott,Rodney,Mauer,Ken,Poole,Olandis,Elton Brand,Starter,26,PF,80,275,1979-03-11,5,2,2,3,2,3,8,2,0.25,8,2,0.25,0,0,0.0,2,1,0.5,3,4,7,UTA,West,Northwest,Home,Win,0
2012-10-31,21:00,Regular,Wright,Brandan,DAL,West,Southwest,Away,Loss,1,Mott,Rodney,Mauer,Ken,Poole,Olandis,Brandan Wright,Starter,26,PF,81,205,1987-10-05,15,1,1,0,2,2,8,7,0.875,8,7,0.875,0,0,0.0,2,1,0.5,0,3,3,UTA,West,Northwest,Home,Win,0
2012-10-31,21:00,Regular,Crowder,Jae,DAL,West,Southwest,Away,Loss,1,Mott,Rodney,Mauer,Ken,Poole,Olandis,Jae Crowder,Bench,22,SF,78,235,1990-07-06,8,0,0,0,0,5,11,3,0.2727,5,1,0.2,6,2,0.3333,2,0,0.0,0,3,3,UTA,West,Northwest,Home,Win,0
2012-10-31,21:00,Regular,Carter,Vincent,DAL,West,Southwest,Away,Loss,1,Mott,Rodney,Mauer,Ken,Poole,Olandis,Vince Carter,Bench,20,SG,78,220,1977-01-26,12,2,1,0,0,5,12,3,0.25,8,1,0.125,4,2,0.5,4,4,1.0,0,1,1,UTA,West,Northwest,Home,Win,0
2012-10-31,21:00,Regular,James,Bernard,DAL,West,Southwest,Away,Loss,1,Mott,Rodney,Mauer,Ken,Poole,Olandis,Bernard James,Bench,16,C,82,240,1985-02-07,8,1,1,1,0,3,5,1,0.2,5,1,0.2,0,0,0.0,6,6,1.0,2,4,6,UTA,West,Northwest,Home,Win,0
2012-10-31,21:00,Regular,Beaubois,Rodrigue,DAL,West,Southwest,Away,Loss,1,Mott,Rodney,Mauer,Ken,Poole,Olandis,Rodrigue Beaubois,Bench,15,PG,74,185,1988-02-24,8,0,1,2,1,3,5,3,0.6,3,2,0.6667,2,1,0.5,1,1,1.0,0,1,1,UTA,West,Northwest,Home,Win,0
2012-10-31,21:00,Regular,Curry,Eddy,DAL,West,Southwest,Away,Loss,1,Mott,Rodney,Mauer,Ken,Poole,Olandis,Eddy Curry,Bench,8,C,84,295,1982-12-05,2,0,2,0,0,3,1,1,1.0,1,1,1.0,0,0,0.0,2,0,0.0,0,0,0,UTA,West,Northwest,Home,Win,0
2012-10-31,21:00,Regular,Jones,Dahntay,DAL,West,Southwest,Away,Loss,1,Mott,Rodney,Mauer,Ken,Poole,Olandis,Dahntay Jones,Bench,8,SG,78,225,1980-12-27,2,0,0,0,0,0,4,1,0.25,4,1,0.25,0,0,0.0,0,0,0.0,0,0,0,UTA,West,Northwest,Home,Win,0
2012-10-31,21:00,Regular,Cunningham,Jared,DAL,West,Southwest,Away,Loss,1,Mott,Rodney,Mauer,Ken,Poole,Olandis,Jared Cunningham,Bench,6,SG,76,195,1991-05-22,0,0,1,1,0,1,3,0,0.0,2,0,0.0,1,0,0.0,0,0,0.0,0,0,0,UTA,West,Northwest,Home,Win,0
2012-10-31,21:00,Regular,Jones,Dominique,DAL,West,Southwest,Away,Loss,1,Mott,Rodney,Mauer,Ken,Poole,Olandis,Dominique Jones,Bench,1,SG,77,215,1988-10-15,0,0,0,0,0,0,0,0,0.0,0,0,0.0,0,0,0.0,0,0,0.0,0,0,0,UTA,West,Northwest,Home,Win,0
2012-10-31,21:00,Regular,Millsap,Paul,UTA,West,Northwest,Home,Win,0,Mott,Rodney,Mauer,Ken,Poole,Olandis,Paul Millsap,Starter,33,PF,80,245,1985-02-10,13,3,0,1,0,3,12,5,0.4167,12,5,0.4167,0,0,0.0,4,3,0.75,8,7,15,DAL,West,Southwest,Away,Loss,1
2012-10-31,21:00,Regular,Williams,Maurice,UTA,West,Northwest,Home,Win,0,Mott,Rodney,Mauer,Ken,Poole,Olandis,Mo Williams,Starter,30,PG,73,185,1982-12-19,21,6,2,2,2,2,16,7,0.4375,12,5,0.4167,4,2,0.5,5,5,1.0,0,2,2,DAL,West,Southwest,Away,Loss,1
2012-10-31,21:00,Regular,Williams,Marvin,UTA,West,Northwest,Home,Win,0,Mott,Rodney,Mauer,Ken,Poole,Olandis,Marvin Williams,Starter,30,PF,81,230,1986-06-19,21,1,1,1,1,2,13,7,0.5385,10,5,0.5,3,2,0.6667,5,5,1.0,0,3,3,DAL,West,Southwest,Away,Loss,1
2012-10-31,21:00,Regular,Jefferson,Al,UTA,West,Northwest,Home,Win,0,Mott,Rodney,Mauer,Ken,Poole,Olandis,Al Jefferson,Starter,29,C,82,265,1985-01-04,12,2,1,3,0,2,11,4,0.3636,11,4,0.3636,0,0,0.0,4,4,1.0,5,9,14,DAL,West,Southwest,Away,Loss,1
2012-10-31,21:00,Regular,Hayward,Gordon,UTA,West,Northwest,Home,Win,0,Mott,Rodney,Mauer,Ken,Poole,Olandis,Gordon Hayward,Starter,24,SF,81,207,1990-03-23,11,2,0,0,0,3,10,4,0.4,9,4,0.4444,1,0,0.0,5,3,0.6,3,0,3,DAL,West,Southwest,Away,Loss,1
2012-10-31,21:00,Regular,Foye,Randy,UTA,West,Northwest,Home,Win,0,Mott,Rodney,Mauer,Ken,Poole,Olandis,Randy Foye,Bench,22,PG,76,210,1983-09-09,13,3,1,0,0,2,9,4,0.4444,5,2,0.4,4,2,0.5,3,3,1.0,0,3,3,DAL,West,Southwest,Away,Loss,1
2012-10-31,21:00,Regular,Tinsley,Jamaal,UTA,West,Northwest,Home,Win,0,Mott,Rodney,Mauer,Ken,Poole,Olandis,Jamaal Tinsley,Bench,18,PG,75,188,1978-02-28,2,4,1,1,1,3,4,1,0.25,3,1,0.3333,1,0,0.0,0,0,0.0,0,1,1,DAL,West,Southwest,Away,Loss,1
2012-10-31,21:00,Regular,Favors,Derrick,UTA,West,Northwest,Home,Win,0,Mott,Rodney,Mauer,Ken,Poole,Olandis,Derrick Favors,Bench,18,PF,82,246,1991-07-15,6,0,3,0,2,3,2,1,0.5,2,1,0.5,0,0,0.0,6,4,0.6667,2,8,10,DAL,West,Southwest,Away,Loss,1
2012-10-31,21:00,Regular,Carroll,DeMarre,UTA,West,Northwest,Home,Win,0,Mott,Rodney,Mauer,Ken,Poole,Olandis,DeMarre Carroll,Bench,16,SF,80,212,1986-07-27,5,2,0,0,1,1,5,1,0.2,4,1,0.25,1,0,0.0,4,3,0.75,1,1,2,DAL,West,Southwest,Away,Loss,1
2012-10-31,21:00,Regular,Kanter,Enes,UTA,West,Northwest,Home,Win,0,Mott,Rodney,Mauer,Ken,Poole,Olandis,Enes Kanter,Bench,14,C,83,262,1992-05-20,6,0,4,1,1,3,5,3,0.6,5,3,0.6,0,0,0.0,2,0,0.0,1,6,7,DAL,West,Southwest,Away,Loss,1
2012-10-31,21:00,Regular,Burks,Alec,UTA,West,Northwest,Home,Win,0,Mott,Rodney,Mauer,Ken,Poole,Olandis,Alec Burks,Bench,2,PG,78,195,1991-07-20,0,1,0,0,0,0,0,0,0.0,0,0,0.0,0,0,0.0,2,0,0.0,0,0,0,DAL,West,Southwest,Away,Loss,1
2012-10-31,21:00,Regular,Evans,Jeremy,UTA,West,Northwest,Home,Win,0,Mott,Rodney,Mauer,Ken,Poole,Olandis,Jeremy Evans,Bench,2,SF,81,196,1987-10-24,1,0,0,1,0,0,0,0,0.0,0,0,0.0,0,0,0.0,2,1,0.5,0,1,1,DAL,West,Southwest,Away,Loss,1
2012-10-31,21:00,Regular,Murphy,Kevin,UTA,West,Northwest,Home,Win,0,Mott,Rodney,Mauer,Ken,Poole,Olandis,Kevin Murphy,Bench,2,SG,78,185,1990-03-06,2,0,1,0,0,1,2,1,0.5,2,1,0.5,0,0,0.0,0,0,0.0,0,0,0,DAL,West,Southwest,Away,Loss,1
2012-10-31,22:00,Regular,Lee,David,GS,West,Pacific,Away,Win,0,Adams,Bennie,Callahan,Mike,Cutler,Kevin,David Lee,Starter,39,C,81,249,1983-04-29,6,3,1,0,1,4,16,2,0.125,16,2,0.125,0,0,0.0,2,2,1.0,3,6,9,PHO,West,Pacific,Home,Loss,0
2012-10-31,22:00,Regular,Thompson,Klay,GS,West,Pacific,Away,Win,0,Adams,Bennie,Callahan,Mike,Cutler,Kevin,Klay Thompson,Starter,34,SG,79,205,1990-02-08,16,1,4,0,0,2,16,6,0.375,9,2,0.2222,7,4,0.5714,0,0,0.0,2,6,8,PHO,West,Pacific,Home,Loss,0
2012-10-31,22:00,Regular,Curry,Wardell,GS,West,Pacific,Away,Win,0,Adams,Bennie,Callahan,Mike,Cutler,Kevin,Stephen Curry,Starter,30,PG,75,185,1988-03-14,5,3,4,2,0,3,14,2,0.1429,8,2,0.25,6,0,0.0,3,1,0.3333,3,4,7,PHO,West,Pacific,Home,Loss,0
2012-10-31,22:00,Regular,Bogut,Andrew,GS,West,Pacific,Away,Win,0,Adams,Bennie,Callahan,Mike,Cutler,Kevin,Andrew Bogut,Starter,18,C,84,260,1984-11-28,8,1,0,0,1,1,6,4,0.6667,6,4,0.6667,0,0,0.0,1,0,0.0,1,5,6,PHO,West,Pacific,Home,Loss,0
2012-10-31,22:00,Regular,Barnes,Harrison,GS,West,Pacific,Away,Win,0,Adams,Bennie,Callahan,Mike,Cutler,Kevin,Harrison Barnes,Starter,14,SF,80,210,1992-05-30,6,1,0,0,0,1,5,2,0.4,5,2,0.4,0,0,0.0,2,2,1.0,2,1,3,PHO,West,Pacific,Home,Loss,0
2012-10-31,22:00,Regular,Jack,Jarrett,GS,West,Pacific,Away,Win,0,Adams,Bennie,Callahan,Mike,Cutler,Kevin,Jarrett Jack,Bench,30,PG,75,202,1983-10-28,10,7,4,1,0,2,7,3,0.4286,6,2,0.3333,1,1,1.0,4,3,0.75,0,3,3,PHO,West,Pacific,Home,Loss,0
2012-10-31,22:00,Regular,Rush,Brandon,GS,West,Pacific,Away,Win,0,Adams,Bennie,Callahan,Mike,Cutler,Kevin,Brandon Rush,Bench,24,SG,78,210,1985-07-07,14,2,3,0,0,5,9,6,0.6667,7,6,0.8571,2,0,0.0,3,2,0.6667,0,1,1,PHO,West,Pacific,Home,Loss,0
2012-10-31,22:00,Regular,Landry,Carl,GS,West,Pacific,Away,Win,0,Adams,Bennie,Callahan,Mike,Cutler,Kevin,Carl Landry,Bench,23,PF,80,248,1983-09-19,17,1,2,1,0,0,9,7,0.7778,9,7,0.7778,0,0,0.0,4,3,0.75,5,1,6,PHO,West,Pacific,Home,Loss,0
2012-10-31,22:00,Regular,Ezeli,Ifeanyi,GS,West,Pacific,Away,Win,0,Adams,Bennie,Callahan,Mike,Cutler,Kevin,Festus Ezeli,Bench,14,C,83,265,1989-10-21,3,0,0,3,0,1,2,1,0.5,2,1,0.5,0,0,0.0,2,1,0.5,1,4,5,PHO,West,Pacific,Home,Loss,0
2012-10-31,22:00,Regular,Jefferson,Richard,GS,West,Pacific,Away,Win,0,Adams,Bennie,Callahan,Mike,Cutler,Kevin,Richard Jefferson,Bench,13,SF,79,222,1980-06-21,2,0,0,2,1,0,2,0,0.0,1,0,0.0,1,0,0.0,2,2,1.0,0,0,0,PHO,West,Pacific,Home,Loss,0
2012-10-31,22:00,Regular,Green,Draymond,GS,West,Pacific,Away,Win,0,Adams,Bennie,Callahan,Mike,Cutler,Kevin,Draymond Green,Bench,1,SF,79,230,1990-03-04,0,0,0,0,0,1,0,0,0.0,0,0,0.0,0,0,0.0,0,0,0.0,0,1,1,PHO,West,Pacific,Home,Loss,0
2012-10-31,22:00,Regular,Dragić,Goran,PHO,West,Pacific,Home,Loss,0,Adams,Bennie,Callahan,Mike,Cutler,Kevin,Goran Dragić,Starter,37,PG,76,180,1986-06-06,17,8,3,3,1,3,12,4,0.3333,7,3,0.4286,5,1,0.2,10,8,0.8,1,5,6,GS,West,Pacific,Away,Win,0
2012-10-31,22:00,Regular,Dudley,Jared,PHO,West,Pacific,Home,Loss,0,Adams,Bennie,Callahan,Mike,Cutler,Kevin,Jared Dudley,Starter,35,SF,79,225,1985-07-10,11,3,4,1,0,1,11,4,0.3636,5,3,0.6,6,1,0.1667,4,2,0.5,1,5,6,GS,West,Pacific,Away,Win,0
2012-10-31,22:00,Regular,Gortat,Marcin,PHO,West,Pacific,Home,Loss,0,Adams,Bennie,Callahan,Mike,Cutler,Kevin,Marcin Gortat,Starter,34,PF,84,240,1984-02-17,10,1,3,0,5,4,10,5,0.5,10,5,0.5,0,0,0.0,0,0,0.0,3,6,9,GS,West,Pacific,Away,Win,0
2012-10-31,22:00,Regular,Scola,Luis,PHO,West,Pacific,Home,Loss,0,Adams,Bennie,Callahan,Mike,Cutler,Kevin,Luis Scola,Starter,32,PF,81,230,1980-04-30,15,1,0,3,3,3,13,7,0.5385,11,6,0.5455,2,1,0.5,0,0,0.0,2,9,11,GS,West,Pacific,Away,Win,0
2012-10-31,22:00,Regular,Beasley,Michael,PHO,West,Pacific,Home,Loss,0,Adams,Bennie,Callahan,Mike,Cutler,Kevin,Michael Beasley,Starter,22,PF,82,235,1989-01-09,8,1,2,0,1,0,9,2,0.2222,7,1,0.1429,2,1,0.5,4,3,0.75,1,3,4,GS,West,Pacific,Away,Win,0
2012-10-31,22:00,Regular,Tucker,Anthony,PHO,West,Pacific,Home,Loss,0,Adams,Bennie,Callahan,Mike,Cutler,Kevin,P.J. Tucker,Bench,23,SG,77,225,1985-05-05,10,0,1,1,1,2,9,5,0.5556,9,5,0.5556,0,0,0.0,0,0,0.0,2,0,2,GS,West,Pacific,Away,Win,0
2012-10-31,22:00,Regular,Brown,Shannon,PHO,West,Pacific,Home,Loss,0,Adams,Bennie,Callahan,Mike,Cutler,Kevin,Shannon Brown,Bench,16,PG,76,205,1985-11-29,8,1,3,1,0,2,8,2,0.25,6,2,0.3333,2,0,0.0,4,4,1.0,0,0,0,GS,West,Pacific,Away,Win,0
2012-10-31,22:00,Regular,Morris,Markieff,PHO,West,Pacific,Home,Loss,0,Adams,Bennie,Callahan,Mike,Cutler,Kevin,Markieff Morris,Bench,16,PF,82,245,1989-09-02,4,1,1,1,0,3,5,2,0.4,3,2,0.6667,2,0,0.0,0,0,0.0,0,3,3,GS,West,Pacific,Away,Win,0
2012-10-31,22:00,Regular,O'Neal,Jermaine,PHO,West,Pacific,Home,Loss,0,Adams,Bennie,Callahan,Mike,Cutler,Kevin,Jermaine O'Neal,Bench,14,C,83,255,1978-10-13,0,0,1,0,1,1,0,0,0.0,0,0,0.0,0,0,0.0,0,0,0.0,1,1,2,GS,West,Pacific,Away,Win,0
2012-10-31,22:00,Regular,Telfair,Sebastian,PHO,West,Pacific,Home,Loss,0,Adams,Bennie,Callahan,Mike,Cutler,Kevin,Sebastian Telfair,Bench,11,PG,72,170,1985-06-09,2,0,0,0,0,4,3,1,0.3333,1,1,1.0,2,0,0.0,0,0,0.0,0,1,1,GS,West,Pacific,Away,Win,0
2012-10-31,22:30,Regular,Randolph,Zach,MEM,West,Southwest,Away,Loss,0,Foster,Scott,Zielinski,Gary,Dalen,Eric,Zach Randolph,Starter,40,PF,81,253,1981-07-16,15,3,4,1,1,3,15,5,0.3333,15,5,0.3333,0,0,0.0,9,5,0.5556,7,9,16,LAC,West,Pacific,Home,Win,0
2012-10-31,22:30,Regular,Gasol,Marc,MEM,West,Southwest,Away,Loss,0,Foster,Scott,Zielinski,Gary,Dalen,Eric,Marc Gasol,Starter,39,C,84,280,1985-01-29,20,5,2,1,1,3,13,8,0.6154,13,8,0.6154,0,0,0.0,4,4,1.0,3,4,7,LAC,West,Pacific,Home,Win,0
2012-10-31,22:30,Regular,Gay,Rudy,MEM,West,Southwest,Away,Loss,0,Foster,Scott,Zielinski,Gary,Dalen,Eric,Rudy Gay,Starter,38,SF,81,220,1986-08-17,25,3,3,2,1,2,21,11,0.5238,20,11,0.55,1,0,0.0,4,3,0.75,3,4,7,LAC,West,Pacific,Home,Win,0
2012-10-31,22:30,Regular,Conley,Mike,MEM,West,Southwest,Away,Loss,0,Foster,Scott,Zielinski,Gary,Dalen,Eric,Mike Conley,Starter,34,PG,73,180,1987-10-11,7,5,6,3,0,3,10,2,0.2,6,1,0.1667,4,1,0.25,2,2,1.0,1,2,3,LAC,West,Pacific,Home,Win,0
2012-10-31,22:30,Regular,Allen,Tony,MEM,West,Southwest,Away,Loss,0,Foster,Scott,Zielinski,Gary,Dalen,Eric,Tony Allen,Starter,29,SG,76,213,1982-01-11,8,1,1,3,0,3,6,2,0.3333,5,2,0.4,1,0,0.0,4,4,1.0,1,4,5,LAC,West,Pacific,Home,Win,0
2012-10-31,22:30,Regular,Speights,Marreese,MEM,West,Southwest,Away,Loss,0,Foster,Scott,Zielinski,Gary,Dalen,Eric,Marreese Speights,Bench,17,PF,82,255,1987-08-04,7,0,0,1,0,4,4,2,0.5,4,2,0.5,0,0,0.0,3,3,1.0,0,2,2,LAC,West,Pacific,Home,Win,0
2012-10-31,22:30,Regular,Ellington,Wayne,MEM,West,Southwest,Away,Loss,0,Foster,Scott,Zielinski,Gary,Dalen,Eric,Wayne Ellington,Bench,16,SG,76,200,1987-11-29,4,0,0,0,0,2,5,2,0.4,3,2,0.6667,2,0,0.0,0,0,0.0,1,1,2,LAC,West,Pacific,Home,Win,0
2012-10-31,22:30,Regular,Bayless,Jerryd,MEM,West,Southwest,Away,Loss,0,Foster,Scott,Zielinski,Gary,Dalen,Eric,Jerryd Bayless,Bench,15,PG,75,199,1988-08-20,6,4,1,1,1,3,8,1,0.125,5,0,0.0,3,1,0.3333,4,3,0.75,0,1,1,LAC,West,Pacific,Home,Win,0
2012-10-31,22:30,Regular,Pondexter,Quincy,MEM,West,Southwest,Away,Loss,0,Foster,Scott,Zielinski,Gary,Dalen,Eric,Quincy Pondexter,Bench,12,SG,78,215,1988-03-10,0,3,1,2,0,2,4,0,0.0,1,0,0.0,3,0,0.0,0,0,0.0,1,0,1,LAC,West,Pacific,Home,Win,0
2012-10-31,22:30,Regular,Butler,Caron,LAC,West,Pacific,Home,Win,0,Foster,Scott,Zielinski,Gary,Dalen,Eric,Caron Butler,Starter,34,SF,79,217,1980-03-13,10,1,1,1,0,3,12,5,0.4167,10,5,0.5,2,0,0.0,0,0,0.0,0,2,2,MEM,West,Southwest,Away,Loss,0
2012-10-31,22:30,Regular,Paul,Chris,LAC,West,Pacific,Home,Win,0,Foster,Scott,Zielinski,Gary,Dalen,Eric,Chris Paul,Starter,34,PG,72,175,1985-05-06,12,12,2,4,0,2,10,4,0.4,8,4,0.5,2,0,0.0,6,4,0.6667,0,4,4,MEM,West,Southwest,Away,Loss,0
2012-10-31,22:30,Regular,Griffin,Blake,LAC,West,Pacific,Home,Win,0,Foster,Scott,Zielinski,Gary,Dalen,Eric,Blake Griffin,Starter,32,PF,82,251,1989-03-16,11,2,4,0,1,4,10,4,0.4,10,4,0.4,0,0,0.0,5,3,0.6,2,5,7,MEM,West,Southwest,Away,Loss,0
2012-10-31,22:30,Regular,Green,Willie,LAC,West,Pacific,Home,Win,0,Foster,Scott,Zielinski,Gary,Dalen,Eric,Willie Green,Starter,29,SG,75,201,1981-07-28,7,1,0,0,1,2,7,2,0.2857,5,0,0.0,2,2,1.0,2,1,0.5,0,4,4,MEM,West,Southwest,Away,Loss,0
2012-10-31,22:30,Regular,Jordan,DeAndre,LAC,West,Pacific,Home,Win,0,Foster,Scott,Zielinski,Gary,Dalen,Eric,DeAndre Jordan,Starter,23,C,84,255,1988-07-21,12,1,9,2,1,4,8,6,0.75,8,6,0.75,0,0,0.0,0,0,0.0,3,4,7,MEM,West,Southwest,Away,Loss,0
2012-10-31,22:30,Regular,Crawford,Jamal,LAC,West,Pacific,Home,Win,0,Foster,Scott,Zielinski,Gary,Dalen,Eric,Jamal Crawford,Bench,30,SG,78,185,1980-03-20,29,1,1,1,0,1,14,10,0.7143,7,7,1.0,7,3,0.4286,8,6,0.75,1,1,2,MEM,West,Southwest,Away,Loss,0
2012-10-31,22:30,Regular,Odom,Lamar,LAC,West,Pacific,Home,Win,0,Foster,Scott,Zielinski,Gary,Dalen,Eric,Lamar Odom,Bench,17,PF,82,230,1979-11-06,2,2,3,2,4,2,2,1,0.5,1,1,1.0,1,0,0.0,0,0,0.0,0,6,6,MEM,West,Southwest,Away,Loss,0
2012-10-31,22:30,Regular,Bledsoe,Eric,LAC,West,Pacific,Home,Win,0,Foster,Scott,Zielinski,Gary,Dalen,Eric,Eric Bledsoe,Bench,17,PG,73,190,1989-12-09,13,4,1,0,0,1,8,5,0.625,7,5,0.7143,1,0,0.0,4,3,0.75,1,3,4,MEM,West,Southwest,Away,Loss,0
2012-10-31,22:30,Regular,Turiaf,Ronny,LAC,West,Pacific,Home,Win,0,Foster,Scott,Zielinski,Gary,Dalen,Eric,Ronny Turiaf,Bench,16,C,82,246,1983-01-13,3,1,0,2,1,3,1,0,0.0,1,0,0.0,0,0,0.0,4,3,0.75,0,0,0,MEM,West,Southwest,Away,Loss,0
2012-10-31,22:30,Regular,Hollins,Ryan,LAC,West,Pacific,Home,Win,0,Foster,Scott,Zielinski,Gary,Dalen,Eric,Ryan Hollins,Bench,8,C,84,240,1984-10-10,2,0,1,0,1,5,2,1,0.5,2,1,0.5,0,0,0.0,0,0,0.0,1,2,3,MEM,West,Southwest,Away,Loss,0
2012-10-31,22:30,Regular,Howard,Dwight,LAL,West,Pacific,Away,Loss,1,Wood,Leon,Kennedy,Bill,Maddox,Tre,Dwight Howard,Starter,41,C,83,265,1985-12-08,33,5,3,1,1,5,15,9,0.6,15,9,0.6,0,0,0.0,19,15,0.7895,6,8,14,POR,West,Northwest,Home,Win,0
2012-10-31,22:30,Regular,Gasol,Pau,LAL,West,Pacific,Away,Loss,1,Wood,Leon,Kennedy,Bill,Maddox,Tre,Pau Gasol,Starter,40,PF,84,250,1980-07-06,16,2,2,1,0,3,14,7,0.5,14,7,0.5,0,0,0.0,2,2,1.0,3,6,9,POR,West,Northwest,Home,Win,0
2012-10-31,22:30,Regular,Bryant,Kobe,LAL,West,Pacific,Away,Loss,1,Wood,Leon,Kennedy,Bill,Maddox,Tre,Kobe Bryant,Starter,38,SG,78,200,1978-08-23,30,3,7,0,0,5,20,10,0.5,11,6,0.5455,9,4,0.4444,7,6,0.8571,2,4,6,POR,West,Northwest,Home,Win,0
2012-10-31,22:30,Regular,World Peace,Metta,LAL,West,Pacific,Away,Loss,1,Wood,Leon,Kennedy,Bill,Maddox,Tre,Metta World Peace,Starter,33,SF,79,260,1979-11-13,10,2,6,1,1,6,5,4,0.8,2,2,1.0,3,2,0.6667,0,0,0.0,0,3,3,POR,West,Northwest,Home,Win,0
2012-10-31,22:30,Regular,Nash,Steve,LAL,West,Pacific,Away,Loss,1,Wood,Leon,Kennedy,Bill,Maddox,Tre,Steve Nash,Starter,16,PG,75,195,1974-02-07,2,4,2,1,0,1,3,1,0.3333,2,1,0.5,1,0,0.0,0,0,0.0,0,4,4,POR,West,Northwest,Home,Win,0
2012-10-31,22:30,Regular,Blake,Steve,LAL,West,Pacific,Away,Loss,1,Wood,Leon,Kennedy,Bill,Maddox,Tre,Steve Blake,Bench,28,PG,75,172,1980-02-26,7,3,0,2,0,0,4,3,0.75,3,2,0.6667,1,1,1.0,0,0,0.0,1,2,3,POR,West,Northwest,Home,Win,0
2012-10-31,22:30,Regular,Jamison,Antawn,LAL,West,Pacific,Away,Loss,1,Wood,Leon,Kennedy,Bill,Maddox,Tre,Antawn Jamison,Bench,13,PF,81,235,1976-06-12,2,0,0,0,0,0,2,0,0.0,0,0,0.0,2,0,0.0,2,2,1.0,0,1,1,POR,West,Northwest,Home,Win,0
2012-10-31,22:30,Regular,Ebanks,Devin,LAL,West,Pacific,Away,Loss,1,Wood,Leon,Kennedy,Bill,Maddox,Tre,Devin Ebanks,Bench,12,SF,81,215,1989-10-28,2,1,2,0,0,3,3,1,0.3333,2,1,0.5,1,0,0.0,0,0,0.0,1,0,1,POR,West,Northwest,Home,Win,0
2012-10-31,22:30,Regular,Hill,Jordan,LAL,West,Pacific,Away,Loss,1,Wood,Leon,Kennedy,Bill,Maddox,Tre,Jordan Hill,Bench,8,PF,82,235,1987-07-27,1,0,2,0,0,3,4,0,0.0,4,0,0.0,0,0,0.0,2,1,0.5,2,2,4,POR,West,Northwest,Home,Win,0
2012-10-31,22:30,Regular,Meeks,Jodie,LAL,West,Pacific,Away,Loss,1,Wood,Leon,Kennedy,Bill,Maddox,Tre,Jodie Meeks,Bench,5,SG,76,208,1987-08-21,3,0,0,0,0,1,2,1,0.5,1,0,0.0,1,1,1.0,0,0,0.0,0,0,0,POR,West,Northwest,Home,Win,0
2012-10-31,22:30,Regular,Duhon,Chris,LAL,West,Pacific,Away,Loss,1,Wood,Leon,Kennedy,Bill,Maddox,Tre,Chris Duhon,Bench,4,PG,73,190,1982-08-31,0,1,0,0,0,1,0,0,0.0,0,0,0.0,0,0,0.0,0,0,0.0,0,0,0,POR,West,Northwest,Home,Win,0
2012-10-31,22:30,Regular,Sacre,Robert,LAL,West,Pacific,Away,Loss,1,Wood,Leon,Kennedy,Bill,Maddox,Tre,Robert Sacre,Bench,1,C,84,247,1989-06-06,0,0,0,0,0,1,0,0,0.0,0,0,0.0,0,0,0.0,0,0,0.0,0,0,0,POR,West,Northwest,Home,Win,0
2012-10-31,22:30,Regular,Batum,Nicolas,POR,West,Northwest,Home,Win,0,Wood,Leon,Kennedy,Bill,Maddox,Tre,Nicolas Batum,Starter,40,SF,80,190,1988-12-14,26,1,1,3,1,2,16,9,0.5625,7,6,0.8571,9,3,0.3333,7,5,0.7143,4,2,6,LAL,West,Pacific,Away,Loss,1
2012-10-31,22:30,Regular,Aldridge,LaMarcus,POR,West,Northwest,Home,Win,0,Wood,Leon,Kennedy,Bill,Maddox,Tre,LaMarcus Aldridge,Starter,39,PF,83,240,1985-07-19,19,0,1,0,2,2,20,9,0.45,20,9,0.45,0,0,0.0,1,1,1.0,0,3,3,LAL,West,Pacific,Away,Loss,1
2012-10-31,22:30,Regular,Matthews,Wesley,POR,West,Northwest,Home,Win,0,Wood,Leon,Kennedy,Bill,Maddox,Tre,Wesley Matthews,Starter,37,SG,77,220,1986-10-14,22,2,0,4,0,5,11,7,0.6364,5,3,0.6,6,4,0.6667,6,4,0.6667,0,2,2,LAL,West,Pacific,Away,Loss,1
2012-10-31,22:30,Regular,Lillard,Damian,POR,West,Northwest,Home,Win,0,Wood,Leon,Kennedy,Bill,Maddox,Tre,Damian Lillard,Starter,35,PG,75,195,1990-07-15,23,11,6,1,0,2,17,7,0.4118,13,6,0.4615,4,1,0.25,8,8,1.0,0,3,3,LAL,West,Pacific,Away,Loss,1
2012-10-31,22:30,Regular,Hickson,J.J.,POR,West,Northwest,Home,Win,0,Wood,Leon,Kennedy,Bill,Maddox,Tre,J.J. Hickson,Starter,25,PF,81,242,1988-09-04,13,1,3,1,2,4,10,5,0.5,10,5,0.5,0,0,0.0,3,3,1.0,5,5,10,LAL,West,Pacific,Away,Loss,1
2012-10-31,22:30,Regular,Leonard,Meyers,POR,West,Northwest,Home,Win,0,Wood,Leon,Kennedy,Bill,Maddox,Tre,Meyers Leonard,Bench,23,C,85,245,1992-02-27,4,1,0,0,0,3,2,1,0.5,2,1,0.5,0,0,0.0,2,2,1.0,0,3,3,LAL,West,Pacific,Away,Loss,1
2012-10-31,22:30,Regular,Pavlovic,Aleksander,POR,West,Northwest,Home,Win,0,Wood,Leon,Kennedy,Bill,Maddox,Tre,Sasha Pavlovic,Bench,18,SG,79,235,1983-11-15,7,1,0,1,0,0,4,3,0.75,3,2,0.6667,1,1,1.0,1,0,0.0,1,0,1,LAL,West,Pacific,Away,Loss,1
2012-10-31,22:30,Regular,Smith,Nolan,POR,West,Northwest,Home,Win,0,Wood,Leon,Kennedy,Bill,Maddox,Tre,Nolan Smith,Bench,14,PG,74,185,1988-07-25,2,2,1,0,0,0,2,1,0.5,2,1,0.5,0,0,0.0,0,0,0.0,0,0,0,LAL,West,Pacific,Away,Loss,1
2012-10-31,22:30,Regular,Jeffries,Jared,POR,West,Northwest,Home,Win,0,Wood,Leon,Kennedy,Bill,Maddox,Tre,Jared Jeffries,Bench,9,PF,83,240,1981-11-25,0,0,0,0,0,2,1,0,0.0,1,0,0.0,0,0,0.0,0,0,0.0,0,2,2,LAL,West,Pacific,Away,Loss,1